video,1
friend,2
Persuasion,1
past,4
Act,19
destroy,5
employment,2
given,3
want,7
letters,1
gloss,1
roaches,1
mostly,2
income,3
spin,1
president,218
immediate,2
Melania,2
conflicts,12
strikes,3
Ceferin,3
monumental,1
fares,2
financial,10
took,3
logjam,1
identity,3
Jim,1
voted,3
ended,4
appearance,3
checked,7
coercive,3
among,12
spares,1
one,41
terror,1
remain,4
expecting,3
rush,1
levels,4
His,12
Side,3
critiques,2
page,3
James,4
directive,1
mine,1
tension,1
runaway,2
abortion,3
facilities,1
odds,1
challenge,5
food,6
Judiciary,3
friendship,1
chancellor,5
perfect,2
movie,2
allow,6
idleness,1
preach,1
paying,5
suffer,4
giggles,1
voting,3
words,3
world,15
propose,3
respond,3
Chapter,1
Village,2
refused,2
matters,4
shoulder,1
filled,1
tours,1
working,6
appearing,1
renova,2
proof,1
Devin,2
arrests,1
send,2
regard,2
momentum,2
Watson,1
stuff,1
offer,7
lead,8
goodness,1
lacked,1
Atlantic,12
theme,2
clients,2
repeatedly,2
analysis,2
criticized,7
stands,4
asylum,2
provokes,1
holdover,1
examples,1
diversity,1
promotions,1
drilling,1
written,1
Wall,3
museum,2
something,7
Washington,13
East,5
Thursday,12
diverse,1
sides,2
witness,1
states,6
quotation,1
scale,1
core,2
range,1
high,11
And,5
claimed,3
career,3
justice,5
reveals,1
Ronald,2
producing,1
African,3
featured,1
casually,2
quest,1
adapting,1
retaliated,2
hints,2
free,15
Terry,1
sanctuary,1
devised,1
wiretapped,2
renewable,1
Epshteyn,2
Jerome,2
holding,3
cannot,7
army,1
happened,2
Army,1
attempts,1
though,8
reactions,1
height,4
emphasized,3
terrible,2
prominent,3
Week,1
retake,2
Leerhsen,4
afternoon,2
half,5
grants,1
coherent,4
mentioned,5
finds,1
Koch,1
services,1
Urban,2
latest,9
Page,3
ceremony,4
hostile,1
dumping,2
told,5
barring,2
stormy,1
designer,4
making,16
livid,2
vulgar,1
Mexico,11
deficits,2
treated,1
hoped,1
ovation,1
quit,1
intentions,1
space,3
future,7
qualities,1
plausible,3
Mrs,6
fears,1
groups,6
identities,4
golf,6
notable,1
Apprentice,1
battalions,1
act,4
keep,7
foolish,2
crew,2
sell,13
admitted,1
instead,2
indicate,1
stars,1
greatest,1
Fifth,2
shamrock,1
message,5
facing,4
headline,1
bots,1
recommend,2
Hussain,2
inclusive,1
divided,4
accomplish,3
Levin,1
weapon,2
declined,1
Nicholas,4
Arts,4
scores,1
Engaging,1
cut,14
taking,7
Moscow,1
around,5
denouncing,1
dealer,1
reluctance,2
battle,7
Take,3
selling,2
integrity,1
launched,2
January,2
reader,18
favorite,1
already,8
emphasize,2
Supreme,9
writer,1
targets,1
answers,2
Sisi,3
doubts,1
great,1
untroubled,1
Justice,10
web,5
divide,2
miners,1
drug,1
servant,2
Trumpian,2
Hamilton,1
defies,1
fix,3
develop,1
Netanyahu,1
episode,2
newly,3
Imperious,1
units,2
proceeds,1
measuring,1
home,10
departs,2
neophyte,1
nerve,2
districts,1
limited,3
wrong,3
Bernie,1
behavior,2
gas,12
head,4
Hint,1
Mahmoud,1
voltage,1
discovered,2
staff,7
accuracy,2
Samuel,1
targeted,2
Defying,1
course,3
others,8
visits,4
frankness,1
feeling,1
detailed,2
unfairly,1
signaled,1
closete,1
quoted,2
extremely,2
granted,1
Let,1
miscast,1
vetting,4
citing,3
showdown,1
While,7
marks,4
influx,1
image,2
including,12
raised,1
Timberlake,1
option,2
blasted,2
reduce,6
fined,2
governing,2
Relatives,2
premium,1
emergency,1
Department,19
dark,1
main,2
hunter,1
fascist,2
seven,6
heavily,4
taxpayers,1
defended,1
rate,2
needy,1
legacy,1
willing,3
seizing,1
arose,2
fight,3
Which,2
latitude,1
norms,1
wattage,1
tweeted,4
Johnny,1
Bill,1
Kristof,3
unraveling,3
gathering,1
history,5
suburbs,1
Tears,1
consider,3
opposition,9
committees,1
failed,3
clean,1
assess,2
seem,1
Florida,8
truths,1
owes,1
animosity,1
airwaves,2
relatives,1
Eastern,3
promoters,2
sink,1
deliver,1
changing,2
accepting,1
inaction,2
secretary,19
Victoria,1
market,8
items,1
coming,2
low,7
showing,2
Equity,1
Hallcom,2
say,38
widow,1
turnout,1
spends,3
boycotting,1
generation,1
Inside,1
happens,1
rebutted,4
backfire,3
Italian,1
central,5
President,258
built,5
beautiful,1
reported,5
Gliedman,2
expectancy,1
topic,1
needed,9
hostesses,2
Activists,2
little,5
hesitate,1
early,2
caucus,1
struggling,1
squares,1
Former,1
planet,3
Humanities,2
remarks,11
role,14
overseas,2
Mail,2
inflamed,1
deadly,2
large,4
aligned,1
Judge,8
bit,2
extinction,1
Frontier,1
stake,2
alleviate,1
lack,1
proud,1
payback,2
optimism,1
position,4
commuters,2
concerned,1
Immigrant,2
prancing,1
Most,1
charges,5
impelled,1
unlikely,3
issue,12
Readers,28
Trump,599
reaction,2
decide,2
priorities,2
Sullivan,5
net,1
critique,3
placing,2
Should,2
Senate,8
spy,2
wits,1
gap,1
question,10
stirring,1
Attorney,2
Johnson,1
Orderly,1
started,3
obstacles,1
thinker,2
spared,1
chamber,1
hearten,1
signing,1
died,4
month,3
brothers,1
standards,10
countries,12
emissions,6
scar,2
crashed,2
hurting,1
embroiled,1
biased,1
motto,1
hello,3
abuse,1
grandiose,1
consumers,2
vice,4
buy,5
barred,2
eternity,1
crossroads,1
exercising,1
rescind,1
upstate,1
social,12
hall,2
diplomat,1
gone,3
During,4
outlets,3
season,1
Automated,1
operations,1
lawsuit,7
circulated,1
despondent,2
That,2
Marco,1
For,9
cares,1
friends,3
tweet,2
welcomes,1
shortly,1
mutually,1
golfers,1
followed,2
manual,2
Atrium,2
find,4
use,14
organizers,1
nearly,7
perhaps,4
policy,29
impossible,4
deal,6
preserve,4
wrote,6
flank,1
gunfire,2
lest,1
known,4
Conway,2
overhaul,3
famous,1
promoting,1
Nuclear,1
missile,12
adults,2
fading,3
figures,2
helped,6
perilous,1
split,1
Ryerso,2
similar,3
Abadi,1
oversight,2
presidents,1
lobby,1
baseless,1
Navy,1
Warnings,1
confusion,2
citizens,1
Automakers,3
using,10
campaigned,1
Executives,2
Abdel,3
pushes,2
yet,4
Backers,2
bakery,2
family,12
polarized,1
mean,4
unlike,1
without,14
slight,1
surprising,1
ruling,2
Finding,2
chair,1
humanities,1
feathers,1
gross,1
raiser,1
posterity,1
shameful,1
losing,2
misstated,1
says,17
critics,3
considered,4
budgeting,1
crowd,1
savers,1
referenced,2
Stealing,1
morning,5
validation,1
living,4
effort,6
record,3
curiosity,2
trotting,1
Sworn,2
properties,6
screaming,1
counsel,4
focuses,1
blocking,3
sought,9
terms,2
physics,1
diagnoses,1
shaking,1
Richard,2
atomic,1
gear,2
Colombia,1
attorney,3
Tony,4
erratic,1
crazy,1
bidding,1
revising,1
received,5
Bannon,5
pleasing,1
sake,1
eliminated,2
expanded,1
Arizona,2
effects,1
popularity,1
Jared,1
acceptance,1
Olympic,1
Kevin,1
Protection,3
illness,1
Reuters,2
error,1
global,7
website,2
covered,1
estranged,2
benefited,1
Lessons,3
promises,4
hope,4
recycles,2
militarize,4
decade,4
Ind,1
bench,1
founder,1
junior,3
confirmed,4
aircraft,2
New,45
supply,1
kind,5
Nemesio,1
You,6
motivated,2
oversees,1
remake,1
expression,1
larger,3
famed,2
Those,1
neediness,1
purpose,3
chemical,12
providers,4
asserted,1
leaner,1
refugee,8
Jackson,2
Even,2
attack,11
expanding,2
solving,2
raising,3
search,1
overtones,1
invitation,1
largest,1
dedicated,3
Right,1
lease,5
former,22
Durbin,1
filling,3
study,3
dismay,1
happen,1
films,2
concerns,2
Follow,1
Jules,1
propensity,1
continuing,1
crafted,1
targeting,4
rethink,1
experience,7
Garcia,4
foot,2
trip,1
processing,1
embrace,1
Rex,2
Mexican,1
Masayoshi,1
Eddie,1
hour,4
West,11
describing,4
finals,1
eldest,3
includes,4
modernize,2
Khan,2
ill,1
suffering,1
none,4
candidate,3
clearance,2
place,6
asks,2
column,1
measures,5
follow,1
simpleton,1
decorum,2
Rougemont,1
Trumped,1
ignoring,1
White,60
bolstered,1
bipartisan,2
Far,1
greeting,5
cloud,1
club,7
epidemic,1
tapping,4
Weigh,1
enter,6
bantering,1
walking,1
Ami,1
game,4
trust,2
author,3
condense,1
abilities,2
initiate,1
Coulter,2
fault,1
ramping,1
grow,4
criminal,3
combative,2
invest,1
quiet,1
share,1
running,1
tribute,1
coalition,2
loss,5
identified,1
disruption,1
package,4
Foundling,1
plays,4
owner,4
daily,3
polls,2
lowest,2
clownish,1
try,11
executing,1
Latest,1
reportedly,1
transcript,1
middle,4
disclosed,1
compose,1
needs,14
Muslim,6
Sajwani,2
restaurant,2
northeast,2
extent,1
secure,2
Nations,2
arguments,1
viewers,1
defunding,2
grass,1
going,11
brings,1
pains,2
criticism,5
territory,3
throw,1
adored,1
Stocks,1
widely,3
easy,3
Salvadoran,2
worse,4
ruffled,1
exactly,5
untethered,1
newsrooms,1
She,1
rally,8
jewelry,1
stated,1
weeks,7
survey,3
rising,5
Excessive,2
expand,2
filtered,2
ultimately,1
Snowden,1
cracks,2
location,3
rewrites,1
dismal,1
First,3
hatred,1
rallying,1
prosecutor,2
liners,3
lean,1
headlong,1
golden,1
period,4
essays,1
Winter,1
stage,2
troubles,1
surely,1
frontal,2
recovered,1
lots,1
moment,7
beliefs,1
proposal,15
players,3
Now,6
second,1
tariffs,3
printings,1
staple,1
lives,2
miss,3
preview,3
Center,2
Time,1
advice,2
judicial,4
oppose,1
Festival,1
troubled,3
telephones,1
Rubio,1
seek,2
flocked,2
Klump,1
region,5
affected,2
keeps,1
move,12
thought,1
Guatemala,4
hurt,2
Putting,3
messages,2
garden,1
recusing,1
put,5
began,5
universal,2
building,8
issued,7
mistakes,1
officers,4
focus,4
Pakistan,2
drop,1
Nashville,3
man,10
directing,1
exempted,2
Paramus,2
Thank,1
laws,7
pipeline,2
tip,3
getaways,1
failing,1
praised,8
Mohammed,2
incomplete,1
securing,1
said,84
often,8
utter,3
courtroom,1
withheld,2
details,4
Beach,4
bait,1
opens,4
pages,5
churches,2
manner,1
increasing,1
American,45
speculate,1
Queens,2
newspaper,3
equipped,3
many,26
produce,2
floor,2
Paddy,1
state,13
Prime,2
holdings,2
Prominent,1
interests,7
backing,1
tendency,1
reassure,2
Judaism,1
listening,2
reworked,3
proposing,1
clarify,2
strategic,5
tied,1
harsh,2
habits,2
finding,2
awe,2
Ryan,3
ever,11
cattle,1
sustained,1
buildings,1
community,5
aggressive,5
meetings,1
Delrahim,3
excellence,1
lines,2
writes,13
corner,1
file,1
weighed,2
attacks,2
deported,2
propping,1
Elections,1
decreased,1
Analysts,4
Proceeds,1
The,339
years,21
interest,15
value,3
awaiting,1
would,85
Cano,2
sharply,2
poking,1
lucrative,1
parties,3
exodus,1
Guillermo,1
earthworms,1
nominees,1
program,10
marched,1
cunning,2
moon,1
detention,3
clear,9
elements,2
realize,2
Kim,2
spies,1
sold,2
Cup,3
struck,3
clamoring,1
theory,3
diplomacy,2
Insider,1
courts,1
contest,1
son,14
Card,2
substitute,1
demanded,1
pariah,1
questioned,6
contends,1
agency,18
vow,2
warnings,1
Fla,2
warning,2
Nordstrom,1
piece,2
Japan,1
Paso,1
Conflict,2
What,7
wishes,1
moral,1
associated,2
ventures,2
Jeff,2
Associated,5
better,7
taxes,11
released,4
chief,7
successful,1
bound,2
trouble,2
economy,11
mentally,3
opposed,2
boxing,1
performing,2
largely,2
majority,4
wireless,1
gearing,2
avoid,5
twisted,1
rules,16
mall,2
victory,11
safe,3
Jong,2
lived,2
religious,3
ratings,1
secret,2
term,4
allay,1
sale,4
activists,4
Beyond,1
shoulders,2
Protesters,1
harder,2
fuel,7
forge,2
assorted,1
wife,1
replaced,1
song,2
reopened,1
plan,34
praise,2
Project,1
Gov,2
Syria,21
Treaty,1
creating,7
vitriol,2
degrading,1
Mining,1
softer,1
complaints,1
back,8
Yemen,1
Donald,104
leave,3
sales,9
displaced,4
Dokuchaev,1
rich,4
governor,4
Fine,2
blunt,1
else,1
stre,3
amazed,1
described,4
labor,11
profit,1
younger,2
opinion,1
perils,2
pianist,1
proposals,3
poses,2
suit,3
fitness,2
prison,2
reflect,3
Talk,1
Eric,3
vanity,3
choice,4
contains,3
These,3
Daisey,2
rather,1
gathered,1
coverage,3
fumbled,1
Why,3
flagstone,1
themes,1
sometimes,2
surname,1
misuse,1
Swing,1
Jan,2
retailers,1
shoveling,2
moves,2
prevent,3
furry,1
Europe,12
Forcing,2
sound,2
Sweden,4
turbulent,1
join,1
Lavender,1
reversing,1
traitor,1
liability,1
carrying,2
warns,2
shrugging,2
Again,2
inertia,1
couple,3
surveill,2
accused,7
relied,2
South,4
promoted,1
pledge,3
Critics,4
unilateral,1
Agency,1
contagion,1
spied,1
meant,6
Sellers,1
rapport,2
generate,2
Bashar,3
Ontario,1
ordinary,1
obtain,1
case,6
books,1
Some,17
stability,1
insisted,1
steel,2
watch,8
index,2
henchmen,1
embattled,1
license,2
discourse,1
Gilbert,1
posed,2
bigger,5
dangerous,6
Assad,7
ending,3
wells,4
court,5
starkly,1
door,3
following,2
embraced,1
chase,2
interwoven,2
Reagan,1
broken,1
nation,12
uses,1
rogue,2
become,11
measure,3
brag,1
release,1
envoy,1
admits,1
Requests,3
swore,2
decrease,1
soon,2
vie,2
builder,3
easier,3
magical,2
Among,3
deny,1
minimize,1
Was,1
chiefs,1
vote,5
deprived,2
fueling,1
wake,3
spend,1
bought,4
wire,1
grounds,2
ambassador,1
Cardillo,3
undeniably,2
nuclear,6
degree,3
blow,2
tweets,5
spoke,16
shared,2
based,2
States,43
misleading,4
pessimism,1
Srinivas,2
guard,1
invited,2
read,6
wagers,1
trillion,2
Remarks,2
misguided,3
ground,6
thrilled,1
Canadians,2
booked,1
Could,1
elicit,3
Tory,2
Maddow,4
immune,2
York,35
negatively,1
towards,4
internet,4
Democrats,17
goes,2
Anti,2
sons,1
bloggers,1
pooling,2
admit,2
Places,1
speaker,1
companies,9
thanking,1
headed,1
difference,3
avenues,2
whining,2
tastes,2
sheltering,3
loomed,1
necessary,2
learning,4
street,1
undo,3
society,1
Though,3
associates,6
shuttle,2
Beijing,8
current,7
mogul,1
Bharara,2
questions,15
Calif,1
vulnerable,3
suspect,4
San,2
businesses,10
natural,1
fan,1
resist,2
Russian,6
five,5
deprive,2
talked,2
populist,7
draft,5
customers,7
Patrick,1
turbines,2
troops,1
announced,2
admissions,3
miserable,1
Clean,1
defend,6
descending,1
Court,10
consulting,2
vetoing,1
could,41
mayor,4
Haider,1
failure,7
Krugman,2
closets,1
holiday,3
stick,1
detail,2
clover,2
collapse,2
stream,1
finally,2
John,2
tolerant,1
Last,1
review,7
All,2
shooting,2
apartment,5
continual,1
honored,2
Yana,2
times,4
ecosystem,1
young,9
protracted,1
donate,1
neutrality,1
light,4
Iger,1
aided,3
water,2
rare,1
traffic,3
party,20
specifics,3
billions,1
articles,6
bodes,1
debates,2
filings,1
line,8
Customs,2
glancing,2
Casino,2
touting,2
process,4
wing,4
stance,5
lessons,1
kindness,1
glittering,1
tangled,1
Mel,1
reordering,1
According,4
votes,1
Ossoff,1
Reassuring,1
across,10
Scientists,2
Madoff,1
areas,4
political,23
tell,3
ups,1
goals,2
toy,2
cabinet,6
tabloid,1
class,7
suspension,5
Despite,3
wheeler,1
midterms,1
completed,3
shielded,1
called,20
surge,3
whether,18
balancing,1
inflate,2
Free,1
Tiffany,1
complete,2
comparison,1
supporters,4
fit,2
commerce,2
airstrikes,4
Ana,1
suggested,1
actions,8
prices,2
peak,1
Zucker,4
Photo,1
capital,4
booming,1
deductions,2
surprises,1
Syrian,5
Cambodia,1
adopted,1
Another,1
reject,1
rabbinical,1
hapless,2
compromise,5
outcome,1
angered,2
Celebrity,1
supremacy,2
resort,5
yearslong,1
Silver,1
ferocity,1
mid,4
retail,1
escape,1
bookstores,1
treasury,2
stand,9
papers,2
documents,2
throwing,1
come,13
crucial,2
assault,2
eager,2
repeated,5
squaring,1
deflect,2
reversed,2
pulling,1
simplified,2
director,4
rampant,2
provide,1
burst,1
casino,14
weighs,1
prompt,3
reviewing,1
precisely,6
Hassett,2
escalating,1
goodbye,2
Plan,1
programs,15
managers,4
stages,2
greater,5
whose,10
health,38
blur,1
rely,1
Spanish,1
stopped,1
studying,1
Raging,1
planned,11
success,2
meeting,16
led,3
Day,6
long,20
Tell,1
closer,2
lost,6
objectives,1
Jon,1
Sentiment,1
Yorker,1
gases,1
story,2
display,1
Benjamin,3
beat,2
level,1
topography,1
plume,1
spectrum,2
pro,1
smuggle,1
hold,2
cries,1
boards,2
Across,1
cold,2
Israel,1
defied,2
Not,3
hours,5
late,1
investors,4
Orthodox,2
Goldman,1
rightward,2
looked,6
draconian,1
thing,5
road,6
divvied,1
misled,2
robbed,2
Government,5
Shannon,2
Coba,1
dunk,1
protect,8
fell,2
changed,4
recent,12
way,10
ignorance,2
spot,6
wounded,1
flashy,3
Chris,2
lane,1
Wing,2
stories,5
Shuttle,1
betrayal,1
affect,1
tourism,1
despite,2
asking,2
calling,3
benefit,5
apologies,4
wage,1
context,2
spell,1
Describing,2
fall,5
Great,2
within,4
poverty,3
response,5
Demand,2
bar,1
organizing,1
gee,2
Manhattan,13
Meryl,1
promise,3
show,14
Kentucky,2
forceful,1
sitting,2
habit,1
blue,1
aides,6
focused,2
historical,2
classes,3
unveiled,1
excellent,1
coaster,2
ducked,1
facts,2
tactics,5
Things,1
therapy,2
rhetoric,2
swath,1
seen,5
Caucus,3
divests,2
politics,8
sweeping,1
sworn,1
person,1
correct,1
Committee,10
highlight,1
crimes,4
losses,1
daughter,6
breathless,1
rock,1
supportive,1
incident,2
answered,3
Rajpreet,2
cost,4
Son,1
playing,6
informatio,1
advisers,5
Records,1
dated,2
Over,2
Research,2
old,13
per,1
passage,1
Museum,3
hackers,1
tradition,3
Make,2
guy,1
done,5
actually,4
ways,3
developer,14
police,5
flags,1
bike,1
debt,3
Syrians,5
refuge,3
charity,3
Asians,2
Virginia,2
swung,1
field,3
rotunda,1
vaunted,2
Castro,1
applies,1
batches,1
prefer,2
materials,2
celebrate,1
resolution,1
returning,1
Meals,2
believe,3
unverified,2
Advocacy,2
firms,2
Parc,2
slammed,2
faith,1
trying,6
punish,1
centers,2
cite,2
also,24
clip,1
school,8
feeds,2
run,3
emblazoned,1
Show,2
unofficial,1
label,1
rotors,2
penthouse,1
evidence,7
Sonny,1
unified,1
May,5
sweep,2
idea,3
support,7
memorandum,4
Rachel,3
Travelers,1
mainly,1
festival,1
skeptical,1
respectful,1
advises,1
employer,2
glamour,1
bode,1
starting,4
triumph,4
Commission,2
wonders,1
hearing,3
Coney,2
conspiracy,2
occupation,3
conflict,6
exclusion,2
regrets,5
committee,1
Stuff,2
recalling,2
test,4
Sprint,1
layoffs,1
company,19
amount,3
estate,23
Judases,1
Gerald,2
rails,1
scuba,2
profile,1
Many,10
Palm,4
worthy,1
bookseller,2
Third,1
name,11
ignite,2
cable,2
Having,3
approve,6
engage,2
tucked,3
control,3
humble,2
removed,1
exit,2
risk,4
attempt,4
rewriting,1
scuffle,2
clothing,1
forcing,2
sweetener,2
olive,2
leaders,11
fig,4
powerful,1
reached,2
rejected,4
Power,2
imposed,3
referring,1
concern,2
analyzing,1
inherited,1
bull,2
heavy,2
tend,1
blocked,3
Control,2
lookout,1
paint,1
six,6
signatures,1
Friday,11
demand,1
codes,1
Arabella,1
rebels,2
wall,7
casinos,6
Obstruct,3
losers,1
automakers,2
Reversing,2
Corporate,1
calls,7
believes,1
unethical,1
protesters,4
Middle,3
shrunken,2
Affordable,18
trusting,3
trick,1
serious,9
cannabis,1
innocence,1
turned,5
hands,1
Tillerson,2
unveil,1
seems,12
discontent,1
bill,29
lady,8
Tower,22
problems,6
elect,5
bathrooms,1
general,6
Clinton,1
funds,5
sent,13
elected,1
schoolers,1
suspicion,1
cultural,3
Fogarty,1
organized,2
lawsuits,3
Dots,2
single,3
timeline,2
describe,3
pointed,1
less,15
Busy,1
inflames,2
play,10
inquiry,2
beneficial,1
Iran,1
viral,2
silencers,2
terrorism,1
view,6
Energy,1
linked,2
emboldened,3
handful,1
organize,1
together,5
collie,1
March,3
unusually,2
leaf,2
spending,17
punished,1
picks,1
weakening,1
sabotage,3
exaggerate,2
Britain,5
pulled,1
sated,2
November,1
Mayor,2
Flanked,1
substance,2
vowed,3
Levinson,1
deals,10
teenagers,3
requires,4
beyond,4
Haley,1
real,25
shaken,2
proposed,7
brain,1
Late,2
cooperate,3
election,14
limiting,1
statements,6
protectors,1
passes,1
Federal,5
feel,4
acumen,1
Mark,1
boost,1
growing,2
online,3
pledged,3
raids,2
Saturday,9
interacted,1
claims,12
male,1
raises,5
reap,1
fee,5
danger,3
Officials,3
Flynn,4
rebuild,1
powered,1
everybody,1
smarter,2
King,1
simply,5
calculus,3
eventually,7
benefits,8
intended,6
ratio,1
leader,9
store,3
retiring,2
loosest,1
divisions,3
Streep,1
treatment,1
partisan,2
abou,2
numbers,7
Tuesday,21
Supporters,1
fast,1
theaters,2
bank,7
Boiling,1
liberal,1
dividing,1
divest,1
open,4
silence,1
chutzpah,1
editorial,2
quote,2
faces,2
lever,2
cycle,3
owned,4
resources,3
jovial,1
imprint,1
spokesman,2
earned,1
Magazine,1
conscience,2
errors,1
proved,2
featuring,2
believed,5
decor,3
Makan,3
wanting,2
trips,1
blaming,4
betting,1
Forces,1
achieve,5
Raqqa,3
Toronto,2
End,3
alone,1
presenting,2
since,14
unfilled,2
power,7
greatly,2
Electoral,1
recovery,1
white,1
mocking,1
City,30
auction,3
apologists,2
absorption,1
History,4
commission,2
Israeli,2
publishers,2
operation,1
removing,1
weaken,2
Jews,1
opponents,3
aired,2
engineer,3
airplanes,3
difficult,5
minimized,1
frozen,2
poisoned,1
mergers,5
predicting,1
ethics,7
Gorsuch,7
hectic,2
Filings,1
sponsored,1
soldiers,1
coast,1
Endowment,4
Coast,1
awkward,1
foreigners,2
roles,1
pernicious,1
used,19
winning,1
access,6
rework,1
pushback,1
rose,1
con,1
Rybolovlev,2
Oust,1
however,1
perks,1
undercut,1
plans,9
gains,1
announce,1
much,20
Scott,1
loyalist,1
takes,3
judges,2
almost,7
added,2
rule,1
result,2
suppliers,3
contention,2
controls,1
Don,4
allies,3
requests,2
arrived,2
wavering,1
stubbornly,2
returned,5
sign,10
bigge,2
glowing,3
Although,2
spirit,2
banned,2
wondered,2
look,10
self,11
improved,4
nonprofits,1
Police,2
race,5
agree,1
yea,1
criminals,2
promotion,2
got,5
adversary,3
Schiff,1
worst,1
front,4
team,1
ally,2
embraces,1
troop,3
expressed,8
understand,1
Coverage,1
inquiries,1
brother,2
punch,1
lawful,1
brands,1
part,12
property,1
learn,4
outdated,2
theater,1
Editor,2
withdrew,2
research,4
Failing,1
Amendment,1
reality,4
pressure,1
residence,1
aside,3
earliest,1
stop,5
reserved,2
pointless,1
lifted,2
Paul,5
borough,1
discourage,1
Rupert,3
County,3
markets,1
showed,1
neighbor,1
Women,1
tenure,1
schedule,2
authority,4
created,2
Irish,4
victims,2
clown,1
bearing,2
square,1
apply,1
boom,2
cause,2
Francisco,2
Tanzania,1
elaborate,1
truth,7
service,13
comply,2
carry,1
hosts,1
enemies,5
order,16
connection,1
Zeckendorf,1
price,7
southern,4
system,4
Americas,3
hunch,2
disturbing,2
surprise,1
gigantic,3
practices,1
happy,3
wealthy,1
bear,1
Montana,4
abolishing,1
maybe,1
styles,1
roots,3
German,4
piqued,2
board,2
contribute,1
evolved,1
networking,2
Juan,4
colluded,1
diminution,1
publicity,1
memos,1
chapter,2
react,6
decades,7
address,23
Easter,1
positions,5
Union,3
sprees,3
hedge,6
Others,2
executives,11
Obamacare,9
Ivanka,9
money,8
gun,3
strike,16
provided,3
disclose,2
shadow,1
donated,1
Speaker,1
agreeing,1
slow,3
handguns,2
credit,2
Abbas,1
cycles,1
Turx,1
weigh,2
addressed,1
pull,1
structure,1
This,7
cash,2
Twitter,15
mayoral,1
Southern,1
network,8
border,13
easing,2
closing,1
data,6
deaths,2
sense,2
Persian,2
harmed,1
rights,8
vacuum,2
session,7
magnate,1
Walter,1
Dec,1
courtesy,1
technology,3
worldwide,2
declare,3
basis,1
liberals,1
philosophy,4
Agreement,1
ago,6
ironic,1
patients,3
commitment,1
wiretap,2
enemy,4
held,4
disastrous,2
refugees,7
repeal,7
deadline,2
education,1
suggests,3
averse,2
pushed,1
violating,5
roller,2
fourth,1
economic,2
Breitbart,2
impo,2
shak,1
gallery,1
painful,1
Political,3
worried,2
bringing,1
frequent,4
Korea,13
obituary,1
fallen,3
due,2
Mar,6
involving,4
personal,8
leads,3
State,13
readers,1
demise,1
senior,6
quarters,1
revolution,2
mild,2
America,26
democracy,2
reporters,7
freedom,8
Protestant,1
Garden,3
institute,2
Comey,7
electronic,2
activist,4
Its,2
petulance,1
overtime,2
With,5
still,11
harassment,3
drab,1
Germans,1
suppress,1
Advisers,1
mentions,1
abroad,1
months,12
boroughs,1
hallmarks,1
buyer,1
outlays,1
side,7
Searches,1
form,1
upon,2
previously,2
gives,2
became,3
National,14
highest,3
forms,1
direct,2
Dmitry,3
Danziger,1
appears,1
Mulvaney,1
typical,2
incentives,1
mistress,1
residents,5
minor,1
risks,2
heroes,3
decisions,8
good,18
paranoid,1
Manafort,3
recently,10
Since,4
Bonwit,1
Ohio,2
banners,1
Seattle,1
ceaseless,1
federal,21
agencies,6
silent,1
usually,1
centrist,2
movement,10
Carolina,1
adult,1
reverses,1
live,5
shopping,1
character,2
belonging,2
shows,2
hit,5
build,4
counselor,2
plants,1
remains,1
smaller,2
fashion,2
privacy,2
firm,1
propaganda,2
Airlines,2
Boeing,4
bring,6
Iraq,3
Upper,1
winners,2
example,4
vanished,1
post,4
broad,1
Month,1
pay,13
tolerance,1
blocks,1
strategy,4
aiming,2
Care,18
dismissed,2
Surviving,5
searching,2
distorted,1
Iraqi,2
returns,4
round,3
transport,1
wealth,2
listed,3
brought,1
Business,3
official,15
spe,1
adopt,1
acting,1
shape,4
tensions,3
tally,2
step,8
Did,1
debate,9
members,13
biography,2
sparingly,1
lackluster,1
govern,3
creation,1
Will,2
crumbling,3
assistance,2
defiance,2
challenges,2
assertion,4
wrongdoing,4
publicly,2
town,5
Official,1
empire,7
endangered,1
whizzer,2
least,4
startling,1
list,8
alter,3
disguised,1
accusing,4
repri,1
looms,1
waving,1
baggage,2
Brooklyn,1
solved,1
pleasant,1
defendants,1
begging,2
security,16
works,1
repealing,1
arts,3
wave,3
outwardly,1
Lago,6
tomb,1
insisting,1
call,15
private,5
tougher,5
talks,4
reason,5
far,10
terrorist,3
week,16
easiest,1
fed,3
pilot,1
Once,5
west,1
Murdoch,3
Much,2
broke,2
change,15
according,2
genial,3
appointed,1
warm,1
aura,2
petition,1
bemoans,1
libel,1
Adam,1
shut,3
major,5
title,2
adviser,4
promising,1
overreach,2
economics,2
sobriety,2
situation,2
symbolic,1
relation,1
millions,7
executive,14
Jake,1
rest,5
argued,1
Experts,1
impact,2
luxury,3
likened,2
shy,2
whatsoever,1
issues,16
senators,1
joint,2
Cleveland,2
Nation,2
University,6
Culture,3
Islamic,2
purchase,2
thicket,1
punishing,1
manager,1
accusation,3
appealing,1
meaty,1
lavished,2
dramatic,6
Patto,4
fund,10
leaks,5
student,1
auditing,1
etched,1
appear,1
reduction,3
deployment,1
knowingly,4
hundreds,6
collection,1
marriage,1
toward,3
monitor,2
time,25
Russians,3
shortfall,2
Who,1
muted,2
strip,3
defeat,2
ramblings,1
bigotry,1
negotiate,1
treats,1
columnist,5
Security,1
dismantle,1
chose,5
quieter,2
forced,2
scares,1
attract,1
ones,1
roll,3
children,12
Driving,2
behest,3
preparing,5
Israelis,3
related,3
discredit,2
settled,1
breach,2
storm,1
roughly,1
see,4
weakness,1
hoping,3
outline,1
Yale,3
get,8
adheres,1
think,4
air,3
Chartbeat,1
include,5
leaving,1
registered,1
After,11
Sonoma,1
give,14
tricky,1
Central,4
World,4
later,4
Fattah,3
readership,3
Nowruz,2
stymied,2
eyebrows,3
Brass,1
exhaust,1
leakers,1
Robert,6
client,3
asked,4
supporter,1
Oval,8
Baxter,1
Council,2
homeland,2
percent,13
William,1
help,14
refuse,3
abandoned,5
interview,5
Charles,4
wider,2
gymnastics,1
producers,2
curb,2
symbiosis,1
mentality,2
operative,2
ability,3
Ultimately,1
lent,2
chairman,2
might,16
Famine,1
judiciary,1
avenue,2
demolish,1
like,20
airfield,2
weapons,9
Jeffrey,3
unusual,4
employees,1
site,2
mental,2
missing,2
departure,1
Long,2
city,11
Asian,1
Castle,6
outspoken,1
raid,1
modern,1
protest,3
treating,2
tweetstorm,2
deregulate,1
links,3
Turkey,2
illegal,6
deputy,2
maintained,3
Can,5
Cromwell,1
check,1
rallies,1
voyeur,2
flair,1
highly,5
endowments,1
flawed,1
prominence,1
derail,1
imposing,1
sending,4
liv,1
robust,2
archival,5
pledges,6
names,3
really,8
subway,3
interior,2
insulation,1
involved,1
From,1
News,10
bad,5
goal,8
familiar,3
increased,5
worldview,2
fraud,4
Zanoli,1
Spicer,4
outer,1
Americans,11
big,15
Scores,1
discover,1
Pentagon,5
night,11
choosing,3
musicians,1
different,9
blacks,1
separate,3
tax,21
days,6
interpret,1
impeding,1
putting,4
reference,3
Minister,2
ease,3
fewer,4
exhibited,1
found,2
loyalty,1
total,1
reach,6
predicted,2
lawyer,3
ordering,1
Housing,6
generally,3
ethical,3
shatters,3
begin,1
listing,3
western,2
backlash,2
reputation,2
nameless,1
anti,13
doctor,1
Chile,1
Jets,1
spurning,1
nutrition,4
Part,1
visitors,2
parts,2
exchanging,2
thousands,4
Trumps,2
flight,3
rescue,3
meets,1
estimates,3
event,5
retreats,2
Preet,1
Surely,1
confess,1
signed,3
analyzed,1
Homegrown,1
Above,1
taken,5
Tuccille,2
Standard,2
Conference,3
agenda,7
teacher,1
felt,3
sai,1
stitched,3
recalls,3
need,10
belong,1
legal,17
prevented,1
leadership,6
domestic,2
shot,3
Egypt,3
escort,2
volatile,2
Funding,1
contempt,2
buyers,3
hospital,1
hiring,3
drops,2
helicopter,2
lower,4
Western,5
bans,3
sees,4
consumes,2
explosive,1
tone,6
best,6
men,1
Minars,1
favor,3
scenarios,1
made,16
revealed,3
Sessions,1
Santa,1
Claar,2
quickly,2
crime,10
North,14
violation,3
first,48
worth,2
calendar,1
attorneys,3
pushing,1
annually,1
protocol,1
realizing,3
reception,1
highlights,2
narratives,2
spasm,3
heat,1
reports,8
situations,1
travel,24
releasing,1
licensin,2
forces,4
inside,7
amid,1
mind,5
Heir,2
Korean,1
reversal,2
gut,1
candidates,1
gambling,1
repair,2
saw,2
resurfaced,2
disorder,1
Cork,1
stadium,1
Sidney,1
indication,1
likely,7
matter,2
tuned,2
morally,3
rolling,1
outright,1
taxpayer,1
country,25
Ireland,1
criteria,1
quotes,1
exposure,3
correlated,3
streets,1
unless,1
luxurious,1
inspired,2
north,1
Avis,3
outside,5
Derrick,1
waste,1
job,10
decries,1
wide,1
rationale,1
settle,2
refuses,2
believing,1
Teller,1
hometown,1
Economic,1
scenario,1
abortions,2
committed,3
April,1
nom,1
overdoses,1
local,3
ideas,5
target,6
lies,3
They,3
schemes,1
bills,2
cars,1
Art,12
projects,10
tells,3
ought,1
workers,9
underscore,2
indulging,1
approval,6
extremists,1
village,1
touching,1
prime,1
allied,2
signals,2
Reporters,4
rifts,3
bemoan,4
skirting,1
undeclared,3
Yes,1
undermine,3
tower,3
Secretary,2
receives,1
suspicious,1
fire,5
responds,1
increases,3
Scotland,2
barometer,1
speak,2
fitfully,2
weekly,2
sounding,3
Briton,1
workable,1
Bethpage,2
elated,2
presidency,12
account,4
Authority,1
photo,2
moved,1
length,1
Books,1
came,7
attributed,2
wait,1
Gulf,1
mother,1
Malvern,1
assistant,1
violence,1
steady,1
Bank,4
Black,2
billion,6
rift,2
golfing,3
students,8
Toledo,2
drink,1
yacht,3
herald,1
slam,1
visiting,3
refute,2
Journal,1
consumed,2
car,4
inject,2
galvanized,1
bemoaned,1
along,8
leaves,5
mockery,1
alleged,1
makes,13
Times,24
relations,1
eagerly,1
sentence,1
Michigan,3
cheeks,1
Been,1
lie,2
people,47
notion,1
camp,1
points,1
Anthony,3
surging,1
temporary,3
Park,2
stores,1
pandemic,1
Gibson,1
pair,1
scientists,1
bankruptcy,5
welcome,1
talking,2
emperor,1
nothing,7
eight,1
funding,11
action,8
refined,1
aim,2
affects,1
Several,2
even,21
Year,3
Atlanta,1
law,18
nature,1
Carl,2
sanctions,1
instinct,3
experts,8
heal,1
runs,2
Fred,3
challenged,6
management,6
reminder,1
dollar,3
factory,2
always,7
safety,2
worries,3
airlines,2
overlook,2
gave,4
Harvey,1
stopping,1
life,8
last,16
disclosure,1
route,1
emotions,2
energy,7
Buy,2
denied,5
played,5
Both,1
marble,1
father,3
take,12
dizzying,1
especially,2
induced,1
woods,1
policies,12
Seasoned,2
increase,7
summonses,1
provides,3
comments,3
Club,1
article,8
Democratic,3
aviation,1
project,8
writers,1
protests,4
immigrants,23
forum,1
dollars,1
promoter,1
bizarre,2
speech,16
stalling,1
influence,2
Leahy,1
weak,1
work,8
trademarks,2
reassess,1
Parenthood,4
agreement,9
passions,2
color,1
engaging,1
operator,1
ascendant,1
ban,21
birthday,2
offering,3
publicists,1
ties,7
Republican,28
Fox,6
decline,1
lust,1
invites,2
General,1
naming,1
sweet,1
telling,3
statistics,1
human,7
screenings,2
arrest,2
Freedom,6
Inc,3
Hotel,5
Tulane,2
unions,2
television,6
settlement,6
unrelated,2
conference,10
climate,6
Just,2
pursuing,1
member,4
Action,3
source,4
modeling,2
immense,1
outsize,2
revives,1
swept,4
discipline,2
cruise,1
balking,1
Mixing,1
setting,4
Residents,5
compulsive,2
press,15
aims,2
expected,2
researcher,1
important,5
oil,5
peek,3
industry,6
editing,1
weekend,4
civilians,7
safeguard,1
Bikers,2
tour,2
letter,8
Brockton,2
revised,4
upper,1
One,2
sites,1
bracing,4
scrutiny,4
crowds,2
helpful,1
myriad,1
networks,1
Tohono,2
forget,2
cheeky,2
treasure,1
reprimand,1
damned,3
Stone,1
Angel,2
engine,1
everyone,1
invade,2
feed,1
dire,1
shift,1
Institute,2
tasked,2
someone,3
Merkel,3
garnered,2
ride,2
constant,2
signature,2
chuckles,1
commented,1
standing,1
reporting,1
commit,1
turning,1
officials,16
Trumbull,2
Alan,1
style,6
factor,1
falling,1
eyebrow,3
loan,2
cheer,3
ticking,3
effect,4
pocket,2
available,2
kindling,2
Avenue,6
pattern,1
conceded,1
million,26
emphasis,1
band,1
growth,2
anger,5
Cambridge,1
users,1
referred,1
payment,6
hopes,5
replace,8
Cox,2
reflection,2
believers,2
Aleksander,3
Jinping,6
command,5
Weinberg,1
denounced,3
directly,2
Please,1
guidance,1
College,3
celebrated,3
Hollis,1
execution,1
seeing,1
attending,2
break,1
doubled,1
Random,7
Finnish,3
left,8
regardless,1
dwindling,1
enough,4
dishonest,2
longer,4
hidden,1
hotels,1
bother,3
bent,1
print,1
defeated,1
uncertain,2
threatens,3
Refugees,1
background,3
racist,2
coal,8
economists,3
Tehran,2
wins,1
digital,1
Beshear,2
must,5
products,6
sharp,3
hate,4
Garland,1
figure,5
Sean,4
replay,2
full,6
realized,1
sick,1
Cher,1
yesterday,11
national,15
spreading,3
murder,1
Midwestern,1
mend,2
tank,2
Edward,1
backed,9
cited,4
critical,8
breakdown,2
emigrate,2
Fed,1
channeling,1
collector,1
corporate,2
Ensemble,1
neither,3
illegally,1
sideshow,1
trading,5
pain,2
Graff,1
mix,1
efficiency,1
never,1
Democrat,2
Age,1
decry,2
window,2
assured,1
submit,3
lawmakers,8
probably,6
tender,1
struggle,2
imminent,3
kinds,2
third,7
branded,1
developers,1
Adonis,1
final,1
supporting,1
compressed,1
expensive,8
suggestion,1
rallied,1
face,6
resistance,1
existing,1
revelation,2
masters,3
extends,2
Comeback,1
population,1
suffered,1
visit,11
There,11
oratory,1
vision,12
bankers,3
recognize,1
sized,2
published,6
Stage,2
Jewish,6
reluctant,2
blogger,2
detentions,3
agreed,9
wayward,1
keeping,3
British,3
overhead,2
Salvation,1
stock,2
Unless,2
hotel,7
right,8
promotes,2
owns,3
apparently,1
values,2
worked,2
sharing,2
flurry,1
start,5
carrier,2
continues,2
barrier,1
cast,3
civilian,5
Party,2
wicked,2
reporter,3
migrants,3
key,2
poor,3
Cozzi,1
efficient,2
Nicaraguan,2
mistake,2
wants,6
three,19
objective,1
know,12
previews,1
public,26
compelling,1
mining,1
casualties,5
occurred,2
defending,3
Resorts,2
corn,2
hollow,3
lot,4
may,32
Plaze,2
two,26
means,4
bleeding,1
respects,1
Gallup,2
met,13
explains,1
bomb,3
ownership,2
otherizing,1
year,26
importance,3
loves,1
upcoming,2
hurts,3
caused,5
begins,1
headlines,2
Mick,1
scheme,4
Editorial,1
reveal,4
prepare,1
Planned,4
vain,1
defenders,1
membership,2
appeared,2
Roger,2
seedbed,1
monitoring,2
cynical,2
park,1
threaten,2
advocated,4
families,2
promis,2
attention,8
Before,4
threat,7
intimidate,1
coveted,1
seemed,8
getting,5
fuels,1
soil,1
Geoffrey,1
investment,3
finances,1
ignored,1
satire,1
war,3
active,4
went,3
unwashed,1
Merrick,1
neighbors,1
puts,3
transition,3
area,1
Convention,2
lump,1
discuss,5
raise,5
slash,2
Denis,1
efforts,2
chart,1
useful,5
fled,2
easily,2
Figaro,1
fighting,1
pretended,1
Winning,1
sat,1
greenhouse,4
flies,1
driving,2
homes,1
laughing,1
Lyndon,1
dozen,2
marketing,7
sports,1
quietly,1
turn,6
peer,4
subject,2
computers,1
anything,1
sum,1
declaring,1
demanding,2
aid,6
drove,2
warfare,1
top,5
nurse,1
practice,3
determined,1
Top,5
lets,2
talk,5
looking,9
Schwartz,4
Angela,2
Plaza,3
straight,1
approved,4
charged,4
offered,14
cuts,18
retrospect,1
singular,1
terrorists,3
Hall,1
Kimmel,1
women,7
Sadiq,2
puzzling,3
outrageous,2
Egyptian,2
excluded,1
savings,1
claiming,1
Obama,27
fired,2
nomination,5
When,6
sprawling,2
Southwest,1
Congress,29
point,7
vowing,2
Champlain,2
Board,1
Associates,2
comeback,4
Lawyers,2
Two,6
District,2
distance,3
chaos,2
removal,3
Mosul,6
Governors,2
reform,5
Maryland,1
espoused,2
duties,1
star,1
More,4
military,23
common,6
mission,1
bigot,1
Senator,2
breaking,2
Photos,2
extend,4
defund,2
media,21
nostalgia,2
Medicaid,1
threatened,6
hurdles,2
crisis,4
report,5
Balmedie,1
couch,2
sidewalk,3
catch,1
suspended,1
filed,7
Her,3
Clayton,1
fear,5
dispute,3
mirror,1
fueled,1
die,1
potential,11
openly,3
visceral,1
Cort,1
reviewed,4
broadband,1
Evansville,1
longtime,2
browsing,4
scope,1
Sadly,1
insurance,5
damage,2
objected,3
undermines,2
Bids,1
investor,1
elegant,1
foray,1
office,17
defy,1
Kashasha,1
pediatric,1
designed,1
banner,1
Weakening,2
nominee,12
egg,1
today,10
served,1
provision,3
retired,1
business,25
stumbles,1
demands,4
scene,2
positively,2
anonymous,2
foreign,15
fossil,1
Looking,4
clues,2
Ribis,1
tapped,1
Would,1
shields,2
nowhere,1
Senior,1
defense,7
merit,1
campaign,22
awards,2
bullied,2
overthrow,1
false,2
transit,1
nightmare,1
Where,1
outrages,1
warming,1
ahead,3
spare,1
existence,2
fellow,2
Taliban,1
popular,4
add,2
armchair,1
judge,6
visited,1
paired,2
close,10
begun,2
excised,1
apartments,1
sets,4
encourage,4
voters,8
realities,2
pragmatism,1
science,2
able,1
guiding,1
Press,7
branches,2
track,2
follows,2
shifts,1
killing,3
results,1
dissident,3
gain,2
lasting,1
tallest,1
kept,2
mess,3
declining,2
forth,1
Rhona,1
return,5
embassies,1
forward,6
rolls,1
alliances,3
prompted,1
morale,1
faced,2
wilderne,1
strategies,1
Following,1
foes,1
Monday,14
reacted,1
spanning,1
Paskova,2
defunct,3
battered,2
Jersey,2
briefing,4
June,2
small,6
confuses,3
brush,1
illustrate,2
regime,2
imagery,1
Lake,1
Making,2
ignores,1
phones,3
steal,1
seeds,2
Barack,9
moving,1
let,3
monitored,2
struggles,1
promised,9
four,6
Poor,2
portion,1
riches,1
attend,1
shown,4
picture,1
obsession,3
lips,1
survival,1
publishing,1
eclipse,1
Ford,2
contending,1
affordable,1
pastime,3
filibuster,3
undue,1
ready,4
Lawfare,3
thinking,2
Islamist,1
create,5
steps,5
short,1
threats,8
pass,7
childhood,3
Warbasse,1
variety,1
replaces,1
signaling,2
book,4
Nafta,3
harm,2
brash,2
watching,2
eggs,1
Allen,1
Tracy,1
island,2
counted,2
fraught,1
currency,3
House,90
European,3
Rice,4
sway,2
tycoon,2
Sunday,6
xenophobic,1
websites,4
Neil,7
base,3
Inspectors,1
deep,9
represents,3
Steve,8
allowed,2
inflict,1
tactic,1
tiny,3
Wednesday,6
veterans,3
United,46
Kushner,1
flights,1
earlier,6
prospects,2
entering,1
Island,6
dropped,1
red,1
striking,4
acted,1
end,11
Too,1
rise,1
sue,1
Wheels,2
patrol,2
theories,2
discussion,2
Addressing,1
prelude,2
attendant,1
contrast,3
speculated,1
xenophobes,1
Lies,3
musician,1
original,2
battles,2
affairs,1
tests,4
handed,3
revenue,1
plenty,1
toys,2
Greater,1
arrested,1
clubs,4
primary,1
looks,1
practical,2
cutting,1
convert,1
Small,1
Society,1
Chinese,6
invoice,1
new,76
thinks,3
blame,4
disparaged,1
doubt,7
September,2
tough,2
Medicare,2
trade,19
minutes,1
odham,2
switch,2
nationally,1
Perdue,1
news,29
partners,3
possible,6
offers,3
prove,3
moments,1
Debt,1
pipelines,1
hired,4
near,4
injuries,2
model,2
Lassie,2
comes,7
weighing,1
narrow,3
Foundation,1
evening,1
commander,1
Rutenberg,1
risen,1
engages,1
marking,1
closed,2
away,5
Crow,4
scramble,1
cover,3
rebuilt,2
simple,2
tried,4
How,3
assuming,1
London,4
house,7
Kellyanne,1
listen,1
Michael,3
kick,1
Ethics,4
biker,3
Jaramillo,4
roads,2
angry,4
laid,2
muddled,1
hard,10
sued,5
weakest,2
bolster,1
learned,2
litany,1
shock,3
count,1
meddling,1
Mideast,1
costs,2
seeking,9
anyone,1
claim,9
warrant,1
Franklin,2
miles,2
payments,2
Freeport,1
Range,1
coexist,2
inherit,3
Office,11
regarding,4
singing,1
anchor,1
center,1
closely,5
script,3
lifetime,2
Ruffalo,1
chilling,2
Bay,2
required,8
Deporting,1
ask,3
rebut,2
glare,1
joins,1
planning,3
chance,1
Thousands,1
Regarding,1
effective,1
Your,1
Andrew,2
turmoil,3
path,2
government,32
locally,1
kill,3
Civil,1
several,17
edge,1
Buckley,1
strange,1
critic,3
method,1
deficit,3
bonds,2
criticize,1
allegation,1
studies,4
well,4
problem,2
places,4
deeply,3
deepened,1
panel,1
quite,2
compounded,1
landlords,2
decided,3
group,14
saying,3
outrage,2
saved,1
welcomed,1
Mass,3
But,49
Best,1
Christian,2
retain,3
posted,1
grant,2
brunch,2
Lawmakers,2
profits,2
Zakarian,1
block,4
owners,5
freeze,1
lands,1
rips,2
manage,1
Nunes,4
China,30
specific,4
migration,1
warned,4
fact,8
waves,3
regional,1
define,2
Border,1
another,12
Hours,2
faults,1
Canada,3
alt,5
objecting,1
delight,2
stunts,1
Due,1
table,2
Place,3
fathom,1
jobs,18
opened,6
fun,1
strategist,2
presence,3
grandson,1
assessment,3
Chicago,2
tired,2
reduced,1
emotional,1
airports,4
request,2
Airways,1
killed,10
detained,3
rental,4
Trumpism,3
mayors,1
cities,7
speaking,2
California,3
withstand,3
era,11
alarm,5
host,3
Yorkers,1
swift,1
reflected,1
day,8
Here,9
next,17
secretive,1
throughout,2
Course,2
Give,1
delivered,10
globe,2
wish,1
dented,1
Read,3
checks,2
brief,4
pitch,1
annual,4
buildup,1
set,10
Trade,2
becoming,1
behind,12
orders,6
polluting,1
Daily,2
airline,3
unexpected,3
renewed,3
None,2
adjustable,2
ruled,1
ordered,8
amped,1
unfair,2
things,5
embolden,1
budget,20
force,3
Justin,1
armed,2
statement,2
boss,2
named,11
commentary,5
pruned,2
renminbi,1
care,22
exists,1
Indian,5
Asia,1
expenses,2
Deal,9
providing,2
styling,1
forging,1
energizing,2
waged,1
Street,4
competing,2
decision,15
managed,5
loans,4
Alqalos,2
staffers,1
oversee,3
summons,6
grown,2
championed,1
veneer,3
playbooks,2
medical,2
trucks,1
Corleone,1
premiere,1
Semitism,8
Ill,1
connected,2
restoring,1
series,3
eliminate,4
beginning,1
everyday,1
hearings,4
nations,6
lawyers,4
skepticism,6
surprised,1
civil,6
spent,5
fighters,2
brand,4
aimed,2
Russia,22
shares,1
depth,2
cheat,2
rapper,1
bundle,1
tool,2
make,22
push,5
scatter,1
leading,1
husband,1
gamble,1
approach,4
jettison,1
extreme,1
bestowed,3
